<?xml version="1.0" encoding="UTF-8"?>
<project-private xmlns="http://www.netbeans.org/ns/project-private/1">
    <editor-bookmarks xmlns="http://www.netbeans.org/ns/editor-bookmarks/2" lastBookmarkId="0"/>
    <open-files xmlns="http://www.netbeans.org/ns/projectui-open-files/2">
        <group>
            <file>file:/C:/Users/sebas/OneDrive/Escritorio/UTN/segundo%20cuatri/Recursada/Programacion_2/AndreozziSebastianJavierRecuperatorioParcial2/src/model/GeneroMusical.java</file>
            <file>file:/C:/Users/sebas/OneDrive/Escritorio/UTN/segundo%20cuatri/Recursada/Programacion_2/AndreozziSebastianJavierRecuperatorioParcial2/src/model/EventoMusical.java</file>
            <file>file:/C:/Users/sebas/OneDrive/Escritorio/UTN/segundo%20cuatri/Recursada/Programacion_2/AndreozziSebastianJavierRecuperatorioParcial2/src/model/CSVSerializable.java</file>
            <file>file:/C:/Users/sebas/OneDrive/Escritorio/UTN/segundo%20cuatri/Recursada/Programacion_2/AndreozziSebastianJavierRecuperatorioParcial2/src/config/AppConfig.java</file>
            <file>file:/C:/Users/sebas/OneDrive/Escritorio/UTN/segundo%20cuatri/Recursada/Programacion_2/AndreozziSebastianJavierRecuperatorioParcial2/src/andreozzisebastianjavierrecuperatorioparcial2/AndreozziSebastianJavierRecuperatorioParcial2.java</file>
            <file>file:/C:/Users/sebas/OneDrive/Escritorio/UTN/segundo%20cuatri/Recursada/Programacion_2/AndreozziSebastianJavierRecuperatorioParcial2/src/model/Evento.java</file>
            <file>file:/C:/Users/sebas/OneDrive/Escritorio/UTN/segundo%20cuatri/Recursada/Programacion_2/AndreozziSebastianJavierRecuperatorioParcial2/src/service/GestorEventos.java</file>
            <file>file:/C:/Users/sebas/OneDrive/Escritorio/UTN/segundo%20cuatri/Recursada/Programacion_2/AndreozziSebastianJavierRecuperatorioParcial2/src/model/Gestionable.java</file>
            <file>file:/C:/Users/sebas/OneDrive/Escritorio/UTN/segundo%20cuatri/Recursada/Programacion_2/AndreozziSebastianJavierRecuperatorioParcial2/src/config/LocalDateAdapter.java</file>
        </group>
    </open-files>
</project-private>
