<?xml version="1.0" encoding="UTF-8"?>
<project-private xmlns="http://www.netbeans.org/ns/project-private/1">
    <editor-bookmarks xmlns="http://www.netbeans.org/ns/editor-bookmarks/2" lastBookmarkId="0"/>
    <open-files xmlns="http://www.netbeans.org/ns/projectui-open-files/2">
        <group>
            <file>file:/C:/Users/sebas/OneDrive/Escritorio/UTN/segundo%20cuatri/Recursada/Programacion_2/AndreozziSebastianJavier.Parcial2/src/service/CatalogoMusical.java</file>
            <file>file:/C:/Users/sebas/OneDrive/Escritorio/UTN/segundo%20cuatri/Recursada/Programacion_2/AndreozziSebastianJavier.Parcial2/src/andreozzisebastianjavier/parcial2/AndreozziSebastianJavierParcial2.java</file>
        </group>
    </open-files>
</project-private>
